Segment>>,Consumer,,,,Consumer Total,Corporate,,,,Corporate Total,Home Office,,,,Home Office Total
Ship Mode>>,First Class,Same Day,Second Class,Standard Class,,First Class,Same Day,Second Class,Standard Class,,First Class,Same Day,Second Class,Standard Class,
Order ID,,,,,,,,,,,,,,,
CA-2011-100293,,,,,,,,,,,,,,91.056,91.056
CA-2011-100706,,,129.44,,129.44,,,,,,,,,,
CA-2011-100895,,,,605.47,605.47,,,,,,,,,,
CA-2011-100916,,,,,,,,,788.86,788.86,,,,,
CA-2011-101266,,,13.36,,13.36,,,,,,,,,,
CA-2011-101560,,,,,,,,542.34,,542.34,,,,,
CA-2011-101770,,,,,,,,,1.869,1.869,,,,,
CA-2011-102274,,,,,,,,,865.5,865.5,,,,,
CA-2011-102673,,,,,,,,,1044.44,1044.44,,,,,
CA-2011-102988,,,,,,,,4251.92,,4251.92,,,,,
CA-2011-103317,,,,,,242.546,,,,242.546,,,,,
CA-2011-103366,149.95,,,,149.95,,,,,,,,,,
CA-2011-103807,,,,,,,,,21.19,21.19,,,,,
CA-2011-103989,,,,,,590.762,,,,590.762,,,,,
CA-2011-104283,,,,616.14,616.14,,,,,,,,,,
CA-2011-106054,,,,,,12.78,,,,12.78,,,,,
CA-2011-106810,,,,,,,,,310.88,310.88,,,,,
CA-2011-107573,,,,23.472,23.472,,,,,,,,,,
CA-2011-107811,,,,,,,,,661.504,661.504,,,,,
CA-2011-108707,,,,,,,,,,,,,,10.368,10.368
CA-2011-109043,243.6,,,,243.6,,,,,,,,,,
CA-2011-109232,,,545.94,,545.94,,,,,,,,,,
CA-2011-110100,,,,302.376,302.376,,,,,,,,,,
CA-2011-110408,,,,,,,,2216.8,,2216.8,,,,,
CA-2011-110422,,,25.248,,25.248,,,,,,,,,,
CA-2011-111500,,,,,,,,,484.79,484.79,,,,,
CA-2011-111934,,,,,,47.32,,,,47.32,,,,,
CA-2011-112718,,,,,,,,,1.167,1.167,,,,,
CA-2011-113047,,11.85,,,11.85,,,,,,,,,,
CA-2011-113166,9.568,,,,9.568,,,,,,,,,,
CA-2011-114314,,,,,,,,,16.23,16.23,,,,,
CA-2011-114321,,,,,,,,,1417.35,1417.35,,,,,
CA-2011-114335,,,,337.088,337.088,,,,,,,,,,
CA-2011-114790,,,,,,,,782.63,,782.63,,,,,
CA-2011-115084,,,,,,,,,605.34,605.34,,,,,
CA-2011-115357,,,62.91,,62.91,,,,,,,,,,
CA-2011-116190,,,,256.48,256.48,,,,,,,,,,
CA-2011-116239,,354.9,,,354.9,,,,,,,,,,
CA-2011-116407,,,,362.176,362.176,,,,,,,,,,
CA-2011-116568,,,,186.304,186.304,,,,,,,,,,
CA-2011-117016,,,,15.552,15.552,,,,,,,,,,
CA-2011-117345,,,,,,,,,202.896,202.896,,,,,
CA-2011-117639,,,,,,,,,3333.9,3333.9,,,,,
CA-2011-120432,,,,,,,,25.5,,25.5,,,,,
CA-2011-120670,,,,,,,,,,,,,,799.92,799.92
CA-2011-120768,,,1979.89,,1979.89,,,,,,,,,,
CA-2011-120950,,,,43.68,43.68,,,,,,,,,,
CA-2011-121286,,,,,,,,66.616,,66.616,,,,,
CA-2011-122217,,,,,,,,,,,,,,111.15,111.15
CA-2011-123400,,,,199.296,199.296,,,,,,,,,,
CA-2011-123925,,,40.05,,40.05,,,,,,,,,,
CA-2011-124023,8.96,,,,8.96,,,,,,,,,,
CA-2011-124618,,,479.984,,479.984,,,,,,,,,,
CA-2011-124688,,,,,,1812.01,,,,1812.01,,,,,
CA-2011-125136,,,,,,,,,106.944,106.944,,,,,
CA-2011-125682,,,,,,9.96,,,,9.96,,,,,
CA-2011-127299,,,,2692.329,2692.329,,,,,,,,,,
CA-2011-127488,,,4.608,,4.608,,,,,,,,,,
CA-2011-127614,,,,1508.13,1508.13,,,,,,,,,,
CA-2011-128839,,,,254.97,254.97,,,,,,,,,,
CA-2011-128846,,,,,,,,,752.92,752.92,,,,,
CA-2011-129091,,,,,,,,,1022.61,1022.61,,,,,
CA-2011-129819,,,,,,,,12.39,,12.39,,,,,
CA-2011-130155,34.2,,,,34.2,,,,,,,,,,
CA-2011-130428,,1142.165,,,1142.165,,,,,,,,,,
CA-2011-130918,,,7.632,,7.632,,,,,,,,,,
CA-2011-131527,,,,95.968,95.968,,,,,,,,,,
CA-2011-131541,,193.152,,,193.152,,,,,,,,,,
CA-2011-131905,,,,,,321.56,,,,321.56,,,,,
CA-2011-132010,,,,,,,,,,,389.74,,,,389.74
CA-2011-132612,,,1441.3,,1441.3,,,,,,,,,,
CA-2011-133634,,,,,,,,,,,,,,47.79,47.79
CA-2011-134551,,,,732.312,732.312,,,,,,,,,,
CA-2011-134621,,,,,,,,,,,,,,18.24,18.24
CA-2011-136336,,,,,,,,,828.84,828.84,,,,,
CA-2011-136567,,,,,,,,,,,2884.37,,,,2884.37
CA-2011-136861,31.984,,,,31.984,,,,,,,,,,
CA-2011-137911,,,,,,,,,88.768,88.768,,,,,
CA-2011-138296,,,,24.56,24.56,,,,,,,,,,
CA-2011-138527,,,,,,,,,192.424,192.424,,,,,
CA-2011-138709,,,,37.44,37.44,,,,,,,,,,
CA-2011-140165,,,,,,,,,,,405.456,,,,405.456
CA-2011-140886,,,,69.216,69.216,,,,,,,,,,
CA-2011-142727,,,69.9,,69.9,,,,,,,,,,
CA-2011-142951,,23.472,,,23.472,,,,,,,,,,
CA-2011-143182,,,,15.384,15.384,,,,,,,,,,
CA-2011-143840,,,,180.93,180.93,,,,,,,,,,
CA-2011-145317,,,,,,,,,,,,,,23661.228,23661.228
CA-2011-145576,,,26.128,,26.128,,,,,,,,,,
CA-2011-146731,,,,147.344,147.344,,,,,,,,,,
CA-2011-146885,,,,,,,,,13.62,13.62,,,,,
CA-2011-148285,,,,,,,,,,,,,,22.32,22.32
CA-2011-148425,,,,,,,,,6.642,6.642,,,,,
CA-2011-149020,,,,,,,,,54.83,54.83,,,,,
CA-2011-149538,,,,,,,,,364.93,364.93,,,,,
CA-2011-149958,,,,370.782,370.782,,,,,,,,,,
CA-2011-151953,,,,,,,,,2.816,2.816,,,,,
CA-2011-151967,,,,,,,,,129.92,129.92,,,,,
CA-2011-152254,,310.688,,,310.688,,,,,,,,,,
CA-2011-152268,,,,1793.98,1793.98,,,,,,,,,,
CA-2011-152562,,,,,,,,,75.16,75.16,,,,,
CA-2011-152849,,,,,,,,,4.368,4.368,,,,,
CA-2011-153087,,,,,,,,,521.92,521.92,,,,,
CA-2011-153913,,,,,,,,1015.816,,1015.816,,,,,
CA-2011-153927,286.65,,,,286.65,,,,,,,,,,
CA-2011-154158,,,619.848,,619.848,,,,,,,,,,
CA-2011-155208,,,,,,,,,39.072,39.072,,,,,
CA-2011-155390,,,,42.208,42.208,,,,,,,,,,
CA-2011-155852,,,19.456,,19.456,,,,,,,,,,
CA-2011-156006,,,47.79,,47.79,,,,,,,,,,
CA-2011-156244,,,,,,,,,,,,,,457.744,457.744
CA-2011-156790,,,155.456,,155.456,,,,,,,,,,
CA-2011-157609,,,,,,,,,,,,,471.92,,471.92
CA-2011-157784,514.03,,,,514.03,,,,,,,,,,
CA-2011-158274,,,,,,,,,,,,,682.91,,682.91
CA-2011-158470,,,129.33,,129.33,,,,,,,,,,
CA-2011-158771,,,,,,,158.71,,,158.71,,,,,
CA-2011-159184,,,,149.56,149.56,,,,,,,,,,
CA-2011-159681,,,,105.52,105.52,,,,,,,,,,
CA-2011-160094,1000.95,,,,1000.95,,,,,,,,,,
CA-2011-160276,,,,,,,,,177.68,177.68,,,,,
CA-2011-160773,,,,,,,,,581.104,581.104,,,,,
CA-2011-161634,,,,32.4,32.4,,,,,,,,,,
CA-2011-162775,,,,,,,,1287.26,,1287.26,,,,,
CA-2011-163013,,,,14.67,14.67,,,,,,,,,,
CA-2011-163223,,,,,,,,,3769.56,3769.56,,,,,
CA-2011-163293,,,,,,116.85,,,,116.85,,,,,
CA-2011-164315,,,,1220.67,1220.67,,,,,,,,,,
CA-2011-164749,9.912,,,,9.912,,,,,,,,,,
CA-2011-164910,,,,,,,,7.872,,7.872,,,,,
CA-2011-165764,,,,1395.673,1395.673,,,,,,,,,,
CA-2011-165806,,,,,,,,,,,,259.29,,,259.29
CA-2011-166051,,,,773.7,773.7,,,,,,,,,,
CA-2011-166457,,,40.54,,40.54,,,,,,,,,,
CA-2011-166730,39.128,,,,39.128,,,,,,,,,,
CA-2011-167199,,,,,,,,,,,,,,4374.88,4374.88
CA-2011-167850,,,,,,,,,193.936,193.936,,,,,
CA-2011-169257,,,,63.381,63.381,,,,,,,,,,
CA-2011-169684,,,,,,426.942,,,,426.942,,,,,
CA-2011-169775,,,709.0425,,709.0425,,,,,,,,,,
CA-2012-100769,,,,,,,,,,,,255.968,,,255.968
CA-2012-100888,,,,47.952,47.952,,,,,,,,,,
CA-2012-101868,,,,175.32,175.32,,,,,,,,,,
CA-2012-102260,,,,,,,,,,,,,,763.508,763.508
CA-2012-102491,,,,3747.93,3747.93,,,,,,,,,,
CA-2012-102582,,,,1918.79,1918.79,,,,,,,,,,
CA-2012-102722,106.5,,,,106.5,,,,,,,,,,
CA-2012-102778,18.176,,,,18.176,,,,,,,,,,
CA-2012-103093,,,,74.52,74.52,,,,,,,,,,
CA-2012-103135,,,,,,,,,,,,,,525.95,525.95
CA-2012-103772,,,,,,,,,,,,,,260.31,260.31
CA-2012-103793,,,,,,,,,74.352,74.352,,,,,
CA-2012-103870,,,,,,,,,284.44,284.44,,,,,
CA-2012-104038,,,,,,176.63,,,,176.63,,,,,
CA-2012-104115,,,,55.984,55.984,,,,,,,,,,
CA-2012-104241,,,,,,,,,192.22,192.22,,,,,
CA-2012-104941,,,,,,,,,976.29,976.29,,,,,
CA-2012-105571,,,,,,,,,1361.631,1361.631,,,,,
CA-2012-106187,,,,,,,,,268.4,268.4,,,,,
CA-2012-107678,,,,893.09,893.09,,,,,,,,,,
CA-2012-108119,,,,301.96,301.96,,,,,,,,,,
CA-2012-108259,,,,,,,,,81.135,81.135,,,,,
CA-2012-109386,,,750.93,,750.93,,,,,,,,,,
CA-2012-109470,,,,,,,,596.48,,596.48,,,,,
CA-2012-109708,,,,,,,,467.04,,467.04,,,,,
CA-2012-110247,,,,8.226,8.226,,,,,,,,,,
CA-2012-110345,,,4.608,,4.608,,,,,,,,,,
CA-2012-110947,,,,,,,,,,,,,,113.1,113.1
CA-2012-111199,,,,115.296,115.296,,,,,,,,,,
CA-2012-111703,,,,27.504,27.504,,,,,,,,,,
CA-2012-112375,,,,78.192,78.192,,,,,,,,,,
CA-2012-113628,,,,,,,,,792.508,792.508,,,,,
CA-2012-114300,,,,371.66,371.66,,,,,,,,,,
CA-2012-114503,,,,84.96,84.96,,,,,,,,,,
CA-2012-115091,,,,,,,,,,,,,,75.04,75.04
CA-2012-115847,,,,,,,,,,,,,61.96,,61.96
CA-2012-115938,,,,535.36,535.36,,,,,,,,,,
CA-2012-116638,,,4297.644,,4297.644,,,,,,,,,,
CA-2012-116750,,,,,,,,12.158,,12.158,,,,,
CA-2012-117828,194.32,,,,194.32,,,,,,,,,,
CA-2012-117884,,598.352,,,598.352,,,,,,,,,,
CA-2012-118444,,,,387.136,387.136,,,,,,,,,,
CA-2012-118843,,,,199.86,199.86,,,,,,,,,,
CA-2012-119480,,,,364.07,364.07,,,,,,,,,,
CA-2012-119592,,,,,,,,3.76,,3.76,,,,,
CA-2012-119634,,,,46.152,46.152,,,,,,,,,,
CA-2012-120516,,,,5.64,5.64,,,,,,,,,,
CA-2012-120621,,,,1270.379,1270.379,,,,,,,,,,
CA-2012-120845,,,,,,,,,22.549,22.549,,,,,
CA-2012-121552,,,,,,,,,19.56,19.56,,,,,
CA-2012-121720,,,,,,3165.744,,,,3165.744,,,,,
CA-2012-122168,,,,,,,,,53.28,53.28,,,,,
CA-2012-122266,,,,194.1395,194.1395,,,,,,,,,,
CA-2012-123092,,,,288.85,288.85,,,,,,,,,,
CA-2012-123330,,,,107.976,107.976,,,,,,,,,,
CA-2012-125066,,,,,,,,,62.46,62.46,,,,,
CA-2012-125563,,,,121.888,121.888,,,,,,,,,,
CA-2012-125696,,,,,,,,,,,,,,7.38,7.38
CA-2012-125976,,,,2026.78,2026.78,,,,,,,,,,
CA-2012-128027,,,269.49,,269.49,,,,,,,,,,
CA-2012-128083,,,,,,,,,45.976,45.976,,,,,
CA-2012-128139,,,,365.91,365.91,,,,,,,,,,
CA-2012-128958,,,,,,,,,,,,,,13.12,13.12
CA-2012-129098,,,,30.84,30.84,,,,,,,,,,
CA-2012-130218,59.48,,,,59.48,,,,,,,,,,
CA-2012-131422,,,,,,,,,207,207,,,,,
CA-2012-132318,182.91,,,,182.91,,,,,,,,,,
CA-2012-133242,,,,1046.47,1046.47,,,,,,,,,,
CA-2012-133396,,,,,,64.68,,,,64.68,,,,,
CA-2012-133977,,,,,,,,,,,,,3.444,,3.444
CA-2012-134257,,,498.93,,498.93,,,,,,,,,,
CA-2012-134719,,,,1801.632,1801.632,,,,,,,,,,
CA-2012-134782,,,,105.42,105.42,,,,,,,,,,
CA-2012-134894,,,,436.86,436.86,,,,,,,,,,
CA-2012-134992,,,,,,,,,,,,,80.38,,80.38
CA-2012-135510,,,,,,,,,,,,,,67.96,67.96
CA-2012-136147,,,,233.064,233.064,,,,,,,,,,
CA-2012-136224,,10.272,,,10.272,,,,,,,,,,
CA-2012-137106,,,,,,,,,79.96,79.96,,,,,
CA-2012-137281,,,,,,,,,6.48,6.48,,,,,
CA-2012-137974,2298.9,,,,2298.9,,,,,,,,,,
CA-2012-138457,,,,13.092,13.092,,,,,,,,,,
CA-2012-138625,197.72,,,,197.72,,,,,,,,,,
CA-2012-140718,,,,,,246.364,,,,246.364,,,,,
CA-2012-140830,,,,,,,,,,,,,89.36,,89.36
CA-2012-141145,,,,87.168,87.168,,,,,,,,,,
CA-2012-141327,440.144,,,,440.144,,,,,,,,,,
CA-2012-141565,,,,1664.132,1664.132,,,,,,,,,,
CA-2012-141754,,,,,,,,,,,,,,11.696,11.696
CA-2012-142202,,,,,,,,717.12,,717.12,,,,,
CA-2012-142755,,,,919.49,919.49,,,,,,,,,,
CA-2012-143119,,,,517.5,517.5,,,,,,,,,,
CA-2012-143532,,,,14.496,14.496,,,,,,,,,,
CA-2012-144288,,,,19.584,19.584,,,,,,,,,,
CA-2012-145324,,,,,,,,,,,,,,39.96,39.96
CA-2012-145352,,,,6412.77,6412.77,,,,,,,,,,
CA-2012-147011,,,,,,,,,13.632,13.632,,,,,
CA-2012-147102,,,,,,,,,66.36,66.36,,,,,
CA-2012-147529,,,,,,,,,324.11,324.11,,,,,
CA-2012-147879,,,,45.68,45.68,,,,,,,,,,
CA-2012-148705,,,,5.04,5.04,,,,,,,,,,
CA-2012-149300,32.985,,,,32.985,,,,,,,,,,
CA-2012-149342,,,,,,,,,896.31,896.31,,,,,
CA-2012-149734,,,,,,,,,200.984,200.984,,,,,
CA-2012-150308,,,,,,,,,246.168,246.168,,,,,
CA-2012-150560,196.62,,,,196.62,,,,,,,,,,
CA-2012-150749,,,5.56,,5.56,,,,,,,,,,
CA-2012-151547,,,,88.96,88.96,,,,,,,,,,
CA-2012-151624,,,,,,,,,21.36,21.36,,,,,
CA-2012-153038,,,,,,,,,94.688,94.688,,,,,
CA-2012-153325,,,58.72,,58.72,,,,,,,,,,
CA-2012-153535,,,,169.544,169.544,,,,,,,,,,
CA-2012-153549,,,,,,,,,,,,,1166.92,,1166.92
CA-2012-153626,,,,5.16,5.16,,,,,,,,,,
CA-2012-153752,,,173.94,,173.94,,,,,,,,,,
CA-2012-154291,,,,,,,,,457.04,457.04,,,,,
CA-2012-154746,,,,,,860.07,,,,860.07,,,,,
CA-2012-154921,,,,,,,,,186.69,186.69,,,,,
CA-2012-155068,,78.456,,,78.456,,,,,,,,,,
CA-2012-155453,,,,,,,,,4.608,4.608,,,,,
CA-2012-155600,,,1635.018,,1635.018,,,,,,,,,,
CA-2012-155635,,,,48.81,48.81,,,,,,,,,,
CA-2012-156328,,,,177.48,177.48,,,,,,,,,,
CA-2012-156734,,,,,,670.001,,,,670.001,,,,,
CA-2012-158148,,,,36.27,36.27,,,,,,,,,,
CA-2012-158323,,,,,,17.088,,,,17.088,,,,,
CA-2012-158421,,,,3631.96,3631.96,,,,,,,,,,
CA-2012-160059,,,,,,,,,,,,,,6.24,6.24
CA-2012-160696,,,,,,,,,7.24,7.24,,,,,
CA-2012-161445,,,,,,,,140.736,,140.736,,,,,
CA-2012-161998,,,,,,,,,277.632,277.632,,,,,
CA-2012-162201,,,,,,,,,937.608,937.608,,,,,
CA-2012-162537,,,,104.51,104.51,,,,,,,,,,
CA-2012-162761,,,,50.462,50.462,,,,,,,,,,
CA-2012-163237,,,,,,,,520.03,,520.03,,,,,
CA-2012-163923,,,,,,,,,,,,,,151.96,151.96
CA-2012-163965,,,,377.902,377.902,,,,,,,,,,
CA-2012-164427,,,,,,,,,239.7,239.7,,,,,
CA-2012-165414,47.976,,,,47.976,,,,,,,,,,
CA-2012-165624,,,,1142.43,1142.43,,,,,,,,,,
CA-2012-166604,,,,,,,,17.94,,17.94,,,,,
CA-2012-166975,,,,,,,,,692.472,692.472,,,,,
CA-2012-167696,,,,31.12,31.12,,,,,,,,,,
CA-2012-168004,,,,,,,,392.94,,392.94,,,,,
CA-2012-168459,,,,58.05,58.05,,,,,,,,,,
CA-2012-169572,,,,,,,,,46.62,46.62,,,,,
CA-2012-169677,,,,,,,,9.82,,9.82,,,,,
CA-2012-169733,,,9.952,,9.952,,,,,,,,,,
CA-2012-169740,,,,29.99,29.99,,,,,,,,,,
CA-2013-100307,,,,,,,,,,,,,,19.44,19.44
CA-2013-101378,,29,,,29,,,,,,,,,,
CA-2013-101469,,,,7.7,7.7,,,,,,,,,,
CA-2013-101525,,,140.52,,140.52,,,,,,,,,,
CA-2013-102092,1056.86,,,,1056.86,,,,,,,,,,
CA-2013-102162,,,,1611.01,1611.01,,,,,,,,,,
CA-2013-102498,73.2,,,,73.2,,,,,,,,,,
CA-2013-104157,,,,2503.47,2503.47,,,,,,,,,,
CA-2013-104276,,,,447.783,447.783,,,,,,,,,,
CA-2013-105256,,1363.96,,,1363.96,,,,,,,,,,
CA-2013-105662,,,,,,,,,,,,,,270.728,270.728
CA-2013-105753,,,,,,,,,,,,,,61.1,61.1
CA-2013-106558,,,,,,,,,316,316,,,,,
CA-2013-106894,,107.83,,,107.83,,,,,,,,,,
CA-2013-106950,,,,1854.241,1854.241,,,,,,,,,,
CA-2013-108105,,,,323.88,323.88,,,,,,,,,,
CA-2013-108567,,,,2.694,2.694,,,,,,,,,,
CA-2013-108616,,,,298.83,298.83,,,,,,,,,,
CA-2013-109344,,,,,,,,,,,,,1127.976,,1127.976
CA-2013-109407,,,,,,,,31.36,,31.36,,,,,
CA-2013-109722,,,1284.8,,1284.8,,,,,,,,,,
CA-2013-109743,,,,,,,,,104.712,104.712,,,,,
CA-2013-109911,,,,,,,,,10.96,10.96,,,,,
CA-2013-110254,,,,,,,,,,,,,,158.81,158.81
CA-2013-110492,1366.04,,,,1366.04,,,,,,,,,,
CA-2013-111409,,,,3,3,,,,,,,,,,
CA-2013-111605,,,,2.61,2.61,,,,,,,,,,
CA-2013-112102,,,,448.81,448.81,,,,,,,,,,
CA-2013-112277,,,,,,,,,519.68,519.68,,,,,
CA-2013-112676,,,,,,14.352,,,,14.352,,,,,
CA-2013-112697,,,,,,,,1410.066,,1410.066,,,,,
CA-2013-113236,,,,,,,,232.624,,232.624,,,,,
CA-2013-113292,,,871.8,,871.8,,,,,,,,,,
CA-2013-113733,,,,334.256,334.256,,,,,,,,,,
CA-2013-113747,,,,185.88,185.88,,,,,,,,,,
CA-2013-113831,,,,,,,,,4317.3,4317.3,,,,,
CA-2013-113845,,,,,,,,,574.056,574.056,,,,,
CA-2013-114713,,,,,,,,,45.584,45.584,,,,,
CA-2013-115504,,,,,,,,,12.96,12.96,,,,,
CA-2013-116232,,,,24.066,24.066,,,,,,,,,,
CA-2013-116764,,,,,,,,,9.216,9.216,,,,,
CA-2013-116918,,,36.364,,36.364,,,,,,,,,,
CA-2013-117604,,,,239.5,239.5,,,,,,,,,,
CA-2013-118073,,,,,,,,,562.2925,562.2925,,,,,
CA-2013-118178,,,,,,,,,31.086,31.086,,,,,
CA-2013-118514,,,,866.4,866.4,,,,,,,,,,
CA-2013-118626,,,,705.544,705.544,,,,,,,,,,
CA-2013-118934,,,,,,,,,,,,,,16.218,16.218
CA-2013-119074,,,,,,,,,92.7,92.7,,,,,
CA-2013-119515,15.552,,,,15.552,,,,,,,,,,
CA-2013-119823,75.88,,,,75.88,,,,,,,,,,
CA-2013-120873,,,290.98,,290.98,,,,,,,,,,
CA-2013-121020,,,,,,,,,,,,,,239.976,239.976
CA-2013-121958,,,,52.136,52.136,,,,,,,,,,
CA-2013-122518,,,,,,,,10.08,,10.08,,,,,
CA-2013-123176,,,31.83,,31.83,,,,,,,,,,
CA-2013-123414,,,,,,,,,,,,,,37.264,37.264
CA-2013-123533,,,,,,,,,,,,,,392.832,392.832
CA-2013-123617,,,,,,,,,7.434,7.434,,,,,
CA-2013-123946,,,,,,,,,1159.06,1159.06,,,,,
CA-2013-124254,,,,,,,,,191.808,191.808,,,,,
CA-2013-124772,191.82,,,,191.82,,,,,,,,,,
CA-2013-125017,,,,,,,,,132.224,132.224,,,,,
CA-2013-125843,125.92,,,,125.92,,,,,,,,,,
CA-2013-127208,,,,,,224.9,,,,224.9,,,,,
CA-2013-127698,,863.928,,,863.928,,,,,,,,,,
CA-2013-127985,,,,,,,,,,,,,7.04,,7.04
CA-2013-130001,,,,,,,,,36.24,36.24,,,,,
CA-2013-130442,34.944,,,,34.944,,,,,,,,,,
CA-2013-130820,,,,,,,630.024,,,630.024,,,,,
CA-2013-131065,,,513.52,,513.52,,,,,,,,,,
CA-2013-131205,,,,291.74,291.74,,,,,,,,,,
CA-2013-131968,,,,,,,,,,,,,,681.432,681.432
CA-2013-132549,,,,73.36,73.36,,,,,,,,,,
CA-2013-133123,,,,99.156,99.156,,,,,,,,,,
CA-2013-133368,,,,405.344,405.344,,,,,,,,,,
CA-2013-133711,,,,,,3236.41,,,,3236.41,,,,,
CA-2013-133872,58.4,,,,58.4,,,,,,,,,,
CA-2013-134208,,,,396,396,,,,,,,,,,
CA-2013-134474,,,,,,,,255.904,,255.904,,,,,
CA-2013-134516,,,,,,,,,115.48,115.48,,,,,
CA-2013-134789,,,,,,,,,,,,,,215.84,215.84
CA-2013-135636,,,,387.72,387.72,,,,,,,,,,
CA-2013-136126,,,,,,,,,,,,261.1,,,261.1
CA-2013-136231,,,228.586,,228.586,,,,,,,,,,
CA-2013-136322,,,,,,,,,,,,,,74.32,74.32
CA-2013-136483,,,,4.704,4.704,,,,,,,,,,
CA-2013-137043,,,859.14,,859.14,,,,,,,,,,
CA-2013-137736,,,,41.86,41.86,,,,,,,,,,
CA-2013-138695,,,,,,,,,452.464,452.464,,,,,
CA-2013-139269,,,,,,,,,,,,,,1311.97,1311.97
CA-2013-139381,,,,233.48,233.48,,,,,,,,,,
CA-2013-139689,,,,,,,,,40.896,40.896,,,,,
CA-2013-140543,,,191.88,,191.88,,,,,,,,,,
CA-2013-140571,,,,,,,,,,,,,,365.44,365.44
CA-2013-140641,,,,38.19,38.19,,,,,,,,,,
CA-2013-140928,,,,,,,,,383.438,383.438,,,,,
CA-2013-140977,,,,,,,,,,,,,91.475,,91.475
CA-2013-141180,,,7.764,,7.764,,,,,,,,,,
CA-2013-142097,,,,,,,,,342.76,342.76,,,,,
CA-2013-142370,,,,254.99,254.99,,,,,,,,,,
CA-2013-142895,,,,370.184,370.184,,,,,,,,,,
CA-2013-143308,,10.74,,,10.74,,,,,,,,,,
CA-2013-143805,,,,,,,,2145.25,,2145.25,,,,,
CA-2013-144344,,314.393,,,314.393,,,,,,,,,,
CA-2013-145247,79.14,,,,79.14,,,,,,,,,,
CA-2013-145499,3.282,,,,3.282,,,,,,,,,,
CA-2013-145709,,,,,,,,,64.248,64.248,,,,,
CA-2013-145905,,,,1264.14,1264.14,,,,,,,,,,
CA-2013-146143,,,,133.38,133.38,,,,,,,,,,
CA-2013-146150,,,,264.18,264.18,,,,,,,,,,
CA-2013-146171,,,,,,,,,,,,,,558.24,558.24
CA-2013-147368,695.7,,,,695.7,,,,,,,,,,
CA-2013-148684,,,,870.04,870.04,,,,,,,,,,
CA-2013-149111,,,,,,,,,,,,,55.416,,55.416
CA-2013-149454,,,,,,,,,,,10.44,,,,10.44
CA-2013-149783,,,131.104,,131.104,,,,,,,,,,
CA-2013-149979,,,487.22,,487.22,,,,,,,,,,
CA-2013-150000,,,,17.92,17.92,,,,,,,,,,
CA-2013-151155,,,,,,,,,,,,,,34.34,34.34
CA-2013-152156,,,993.9,,993.9,,,,,,,,,,
CA-2013-152163,,85.5,,,85.5,,,,,,,,,,
CA-2013-152471,,839.944,,,839.944,,,,,,,,,,
CA-2013-153318,,,,,,783.96,,,,783.96,,,,,
CA-2013-154060,,,,187.056,187.056,,,,,,,,,,
CA-2013-154403,,,,,,,,,,,,,,4.98,4.98
CA-2013-154690,,,225.296,,225.296,,,,,,,,,,
CA-2013-155138,,,,99.872,99.872,,,,,,,,,,
CA-2013-155439,,,,,,,,,,,,,,25.92,25.92
CA-2013-155670,,,21.504,,21.504,,,,,,,,,,
CA-2013-156503,,,,305.248,305.248,,,,,,,,,,
CA-2013-156573,,,,60.485,60.485,,,,,,,,,,
CA-2013-157161,,,,,,,,199.18,,199.18,,,,,
CA-2013-157245,,,,641.96,641.96,,,,,,,,,,
CA-2013-157280,1120.73,,,,1120.73,,,,,,,,,,
CA-2013-157364,18.48,,,,18.48,,,,,,,,,,
CA-2013-157588,,,,88.15,88.15,,,,,,,,,,
CA-2013-157763,,,,,,,,,140.81,140.81,,,,,
CA-2013-158841,,,8805.04,,8805.04,,,,,,,,,,
CA-2013-159142,,,,,,,,,,,177.78,,,,177.78
CA-2013-159212,,,,,,,,,,,,,,273.59,273.59
CA-2013-159653,,14.73,,,14.73,,,,,,,,,,
CA-2013-159765,,,27.86,,27.86,,,,,,,,,,
CA-2013-159891,,,,,,,,,,,,,,1396.35,1396.35
CA-2013-159989,,,,40.68,40.68,,,,,,,,,,
CA-2013-160234,,,,135.95,135.95,,,,,,,,,,
CA-2013-160486,,,,72.224,72.224,,,,,,,,,,
CA-2013-160598,,,,,,31.008,,,,31.008,,,,,
CA-2013-162159,,,,,,,,,,,121.78,,,,121.78
CA-2013-162236,,,,,,,,1106.924,,1106.924,,,,,
CA-2013-162355,,,1302.83,,1302.83,,,,,,,,,,
CA-2013-162747,,,,,,,,86.45,,86.45,,,,,
CA-2013-162901,,,,,,31.4,,,,31.4,,,,,
CA-2013-163167,,,,,,,,2673.69,,2673.69,,,,,
CA-2013-163174,,,,186.54,186.54,,,,,,,,,,
CA-2013-163776,,,,1110.5,1110.5,,,,,,,,,,
CA-2013-164350,,,,,,,,,,,,,67.56,,67.56
CA-2013-164574,,,,732.156,732.156,,,,,,,,,,
CA-2013-164735,,,81.2,,81.2,,,,,,,,,,
CA-2013-164784,377.346,,,,377.346,,,,,,,,,,
CA-2013-165316,,,,,,,,,324.387,324.387,,,,,
CA-2013-165470,,,,,,,,,,,,,,5.08,5.08
CA-2013-165827,,,,,,,,,50.496,50.496,,,,,
CA-2013-166282,,,,158.256,158.256,,,,,,,,,,
CA-2013-166380,,,,,,,,,138.53,138.53,,,,,
CA-2013-166485,,,,16.496,16.496,,,,,,,,,,
CA-2013-168536,,,,66.3,66.3,,,,,,,,,,
CA-2013-168753,,,1002.7,,1002.7,,,,,,,,,,
CA-2013-168893,,,903.77,,903.77,,,,,,,,,,
CA-2013-169026,,,,,,,,,,,,,,23.34,23.34
CA-2013-169103,,,,1466.32,1466.32,,,,,,,,,,
CA-2013-169334,,,111.672,,111.672,,,,,,,,,,
CA-2014-100412,,,,,,,,,,,,,,141.96,141.96
CA-2014-100426,,,,12.48,12.48,,,,,,,,,,
CA-2014-100622,,,,1030.742,1030.742,,,,,,,,,,
CA-2014-100902,,,,699.4,699.4,,,,,,,,,,
CA-2014-101042,,,,843.84,843.84,,,,,,,,,,
CA-2014-101210,,,13.152,,13.152,,,,,,,,,,
CA-2014-101273,,,14.336,,14.336,,,,,,,,,,
CA-2014-101483,,,61.216,,61.216,,,,,,,,,,
CA-2014-102204,,,,3740.51,3740.51,,,,,,,,,,
CA-2014-102309,,,212.91,,212.91,,,,,,,,,,
CA-2014-102554,,,,,,,,,,,,,,3.76,3.76
CA-2014-102610,,,,248.396,248.396,,,,,,,,,,
CA-2014-102736,,,,177.08,177.08,,,,,,,,,,
CA-2014-103009,,,,,,,,26.4,,26.4,,,,,
CA-2014-103065,,59.824,,,59.824,,,,,,,,,,
CA-2014-103212,1541.51,,,,1541.51,,,,,,,,,,
CA-2014-103499,,,,209.568,209.568,,,,,,,,,,
CA-2014-104318,,,,,,,,,20.768,20.768,,,,,
CA-2014-104731,,,,951.98,951.98,,,,,,,,,,
CA-2014-104864,,,,,,,,552.856,,552.856,,,,,
CA-2014-105620,141,,,,141,,,,,,,,,,
CA-2014-106537,,,,20.736,20.736,,,,,,,,,,
CA-2014-107167,,,,,,,,,1347.52,1347.52,,,,,
CA-2014-107209,,,194.848,,194.848,,,,,,,,,,
CA-2014-107461,,,23.88,,23.88,,,,,,,,,,
CA-2014-108035,,,,491.888,491.888,,,,,,,,,,
CA-2014-108112,,,,559.2,559.2,,,,,,,,,,
CA-2014-108287,12.672,,,,12.672,,,,,,,,,,
CA-2014-108322,,,,,,,,,26.056,26.056,,,,,
CA-2014-109183,,,,649,649,,,,,,,,,,
CA-2014-109589,71,,,,71,,,,,,,,,,
CA-2014-110198,318.96,,,,318.96,,,,,,,,,,
CA-2014-110212,,,,,,,,,,,,,,48.9,48.9
CA-2014-110310,,,,,,,,,68.967,68.967,,,,,
CA-2014-110926,,,,25.06,25.06,,,,,,,,,,
CA-2014-112774,34.504,,,,34.504,,,,,,,,,,
CA-2014-113481,,,,,,740.214,,,,740.214,,,,,
CA-2014-113558,,,,,,,,,,,,,,729.648,729.648
CA-2014-113705,,,874.8,,874.8,,,,,,,,,,
CA-2014-114055,,,,,,,,,,,,,819.28,,819.28
CA-2014-114412,,,,15.552,15.552,,,,,,,,,,
CA-2014-114636,,,,192.16,192.16,,,,,,,,,,
CA-2014-115070,,,,,,,,16.739,,16.739,,,,,
CA-2014-115448,88.92,,,,88.92,,,,,,,,,,
CA-2014-115882,,,,,,1017.136,,,,1017.136,,,,,
CA-2014-116113,,,,,,,,10.16,,10.16,,,,,
CA-2014-116855,,,,504.9,504.9,,,,,,,,,,
CA-2014-116939,,,,177.55,177.55,,,,,,,,,,
CA-2014-117079,,,,863.88,863.88,,,,,,,,,,
CA-2014-117198,,,,659.9,659.9,,,,,,,,,,
CA-2014-117695,,,,,,13.76,,,,13.76,,,,,
CA-2014-118402,,,,243.92,243.92,,,,,,,,,,
CA-2014-119004,,,,105.408,105.408,,,,,,,,,,
CA-2014-119284,,,,,,,,,2942.784,2942.784,,,,,
CA-2014-119305,,,,173.8,173.8,,,,,,,,,,
CA-2014-119669,,,,5.67,5.67,,,,,,,,,,
CA-2014-120705,,,,,,,,,,,,,,147.184,147.184
CA-2014-120894,,,,28.08,28.08,,,,,,,,,,
CA-2014-121314,251.64,,,,251.64,,,,,,,,,,
CA-2014-121419,,,,,,,,,,,771.8,,,,771.8
CA-2014-121804,,,,72.8,72.8,,,,,,,,,,
CA-2014-121818,52.696,,,,52.696,,,,,,,,,,
CA-2014-122056,,,,181.86,181.86,,,,,,,,,,
CA-2014-122154,284.19,,,,284.19,,,,,,,,,,
CA-2014-122693,,,,,,,,1245.86,,1245.86,,,,,
CA-2014-122707,,,,,,503.22,,,,503.22,,,,,
CA-2014-122987,,80.564,,,80.564,,,,,,,,,,
CA-2014-122994,359.97,,,,359.97,,,,,,,,,,
CA-2014-123239,,,91.032,,91.032,,,,,,,,,,
CA-2014-123351,,,,80.48,80.48,,,,,,,,,,
CA-2014-123687,,,,,,234.2,,,,234.2,,,,,
CA-2014-124296,,,,712.85,712.85,,,,,,,,,,
CA-2014-124597,,,,,,,,,,,,,,32.088,32.088
CA-2014-124765,,,,723.92,723.92,,,,,,,,,,
CA-2014-124828,,,,,,9.552,,,,9.552,,,,,
CA-2014-124898,,,,,,,,,,,,,,184.66,184.66
CA-2014-125472,253.86,,,,253.86,,,,,,,,,,
CA-2014-125745,,,,,,,,,19.52,19.52,,,,,
CA-2014-125752,,,,,,,,,,,,,,41.424,41.424
CA-2014-126046,,,,,,,,,12.39,12.39,,,,,
CA-2014-126354,,,,119.178,119.178,,,,,,,,,,
CA-2014-126382,,,,,,,,,35.168,35.168,,,,,
CA-2014-126774,4.89,,,,4.89,,,,,,,,,,
CA-2014-126914,,,,776.08,776.08,,,,,,,,,,
CA-2014-127306,,,,175.086,175.086,,,,,,,,,,
CA-2014-127516,,,,,,,,,,,,,,64.784,64.784
CA-2014-127726,,,209.88,,209.88,,,,,,,,,,
CA-2014-127803,,,,,,,,,26.16,26.16,,,,,
CA-2014-128300,,,,,,,,406.94,,406.94,,,,,
CA-2014-128363,,,,2382.926,2382.926,,,,,,,,,,
CA-2014-128475,,,,,,,,,,,,,,71.98,71.98
CA-2014-128629,,,18.84,,18.84,,,,,,,,,,
CA-2014-128699,,,47.992,,47.992,,,,,,,,,,
CA-2014-128755,,,,629.86,629.86,,,,,,,,,,
CA-2014-128769,,,,,,,,,81.568,81.568,,,,,
CA-2014-129021,,,4590.344,,4590.344,,,,,,,,,,
CA-2014-129028,,,,,,127.95,,,,127.95,,,,,
CA-2014-129462,,,740.59,,740.59,,,,,,,,,,
CA-2014-129490,,,,,,,,,,,,,,419.136,419.136
CA-2014-129910,,,,,,,,,,,,,,59.76,59.76
CA-2014-130309,,,,544.38,544.38,,,,,,,,,,
CA-2014-130834,,,16.272,,16.272,,,,,,,,,,
CA-2014-130904,,,,22.744,22.744,,,,,,,,,,
CA-2014-132185,,,,52.344,52.344,,,,,,,,,,
CA-2014-132213,,,,,,,,,,,109.968,,,,109.968
CA-2014-133095,,,,,,,,,,,,117.62,,,117.62
CA-2014-133235,271.96,,,,271.96,,,,,,,,,,
CA-2014-133263,,,,,,,,3098.61,,3098.61,,,,,
CA-2014-133501,,,,5.184,5.184,,,,,,,,,,
CA-2014-133641,,,,48.69,48.69,,,,,,,,,,
CA-2014-133928,,,,4.572,4.572,,,,,,,,,,
CA-2014-134096,,,,,,,,,,,,,,399.53,399.53
CA-2014-134495,,,,,,,,269.4,,269.4,,,,,
CA-2014-134649,,,,,,,,22.63,,22.63,,,,,
CA-2014-134810,,,,,,272.232,,,,272.232,,,,,
CA-2014-135587,,,,372.64,372.64,,,,,,,,,,
CA-2014-136826,,,,,,,,,14.016,14.016,,,,,
CA-2014-137631,,,,751.984,751.984,,,,,,,,,,
CA-2014-138779,29.664,,,,29.664,,,,,,,,,,
CA-2014-138975,,,,2361.52,2361.52,,,,,,,,,,
CA-2014-139353,,,273.088,,273.088,,,,,,,,,,
CA-2014-139493,,,,15.92,15.92,,,,,,,,,,
CA-2014-139619,,,,,,,,,95.616,95.616,,,,,
CA-2014-139787,,,,,,,,,,,,,,35.4,35.4
CA-2014-139948,,,,7.904,7.904,,,,,,,,,,
CA-2014-140088,,,301.96,,301.96,,,,,,,,,,
CA-2014-140627,,,,303.32,303.32,,,,,,,,,,
CA-2014-140872,,,,1111.698,1111.698,,,,,,,,,,
CA-2014-141446,,,,,,,,,,,,,18,,18
CA-2014-141614,,,,,,,,,20.736,20.736,,,,,
CA-2014-142090,,,,2165.658,2165.658,,,,,,,,,,
CA-2014-142671,,,,,,,,,,,,,11.52,,11.52
CA-2014-143567,,,,,,,,3291.07,,3291.07,,,,,
CA-2014-143756,701.96,,,,701.96,,,,,,,,,,
CA-2014-143861,,,,17.088,17.088,,,,,,,,,,
CA-2014-144365,,,,11.68,11.68,,,,,,,,,,
CA-2014-144456,,,,,,,,,,,220.056,,,,220.056
CA-2014-144498,,817.829,,,817.829,,,,,,,,,,
CA-2014-144694,,,253.824,,253.824,,,,,,,,,,
CA-2014-145275,,,,14.94,14.94,,,,,,,,,,
CA-2014-145310,,,7.824,,7.824,,,,,,,,,,
CA-2014-145702,,,,,,,,342.24,,342.24,,,,,
CA-2014-145737,,,,163.96,163.96,,,,,,,,,,
CA-2014-146136,,,,24.448,24.448,,,,,,,,,,
CA-2014-146192,,,,675.06,675.06,,,,,,,,,,
CA-2014-146458,,,22.96,,22.96,,,,,,,,,,
CA-2014-146535,,,,,,,,,,,,,,1446.84,1446.84
CA-2014-146983,,,,1577.94,1577.94,,,,,,,,,,
CA-2014-147228,,,,458.984,458.984,,,,,,,,,,
CA-2014-147333,,,,,,,,,204.55,204.55,,,,,
CA-2014-147361,,,,,,,,,685.26,685.26,,,,,
CA-2014-147760,,,,,,1883.724,,,,1883.724,,,,,
CA-2014-148166,,,,,,,,,,,,,,17.856,17.856
CA-2014-148404,,,,,,,,,,,,,,1027.21,1027.21
CA-2014-148474,,,,,,,,,,,,,,544.14,544.14
CA-2014-148810,,,,,,,,,287.424,287.424,,,,,
CA-2014-148922,,,,,,,,,,,,,684.78,,684.78
CA-2014-148999,,,,419.136,419.136,,,,,,,,,,
CA-2014-149146,,,,,,,,,,,,7.968,,,7.968
CA-2014-149853,,,,33.472,33.472,,,,,,,,,,
CA-2014-150910,,,,1090.348,1090.348,,,,,,,,,,
CA-2014-150931,,,,,,,,,,,,,,33.74,33.74
CA-2014-151211,,,,,,,,,,,,,,201.09,201.09
CA-2014-151218,4.464,,,,4.464,,,,,,,,,,
CA-2014-151855,,,,,,,,,39.252,39.252,,,,,
CA-2014-152786,,,,40.41,40.41,,,,,,,,,,
CA-2014-152968,,,,23.08,23.08,,,,,,,,,,
CA-2014-153339,,,,,,,,15.992,,15.992,,,,,
CA-2014-153654,,,,,,,,19.008,,19.008,,,,,
CA-2014-154088,,,,26.72,26.72,,,,,,,,,,
CA-2014-154123,,,,,,,,,,,,,,27.58,27.58
CA-2014-154816,,,,,,,,,5.78,5.78,,,,,
CA-2014-155089,,,,,,,,,,,,,,45.66,45.66
CA-2014-155159,,,48.87,,48.87,,,,,,,,,,
CA-2014-155292,,,,,,,,,,,204.98,,,,204.98
CA-2014-155698,,,,,,668.54,,,,668.54,,,,,
CA-2014-155705,,,866.4,,866.4,,,,,,,,,,
CA-2014-155824,,,,,,,,,61.876,61.876,,,,,
CA-2014-156272,,,,,,,,,64.384,64.384,,,,,
CA-2014-156769,54.66,,,,54.66,,,,,,,,,,
CA-2014-157854,,,,,,,,,2747.25,2747.25,,,,,
CA-2014-157931,,,,,,,,,,,,,830.24,,830.24
CA-2014-158386,,,,124.75,124.75,,,,,,,,,,
CA-2014-158407,,,,,,,,,103.968,103.968,,,,,
CA-2014-158561,,,,,,,,1158.12,,1158.12,,,,,
CA-2014-158729,1665.62,,,,1665.62,,,,,,,,,,
CA-2014-158743,,,,199.17,199.17,,,,,,,,,,
CA-2014-158883,,25.344,,,25.344,,,,,,,,,,
CA-2014-158967,19.104,,,,19.104,,,,,,,,,,
CA-2014-159100,,,,,,,,,1893.786,1893.786,,,,,
CA-2014-159135,,,,,,,,,,,,,,4.3,4.3
CA-2014-159464,,,,,,524.85,,,,524.85,,,,,
CA-2014-159667,,,,,,,,,,,,,,691.144,691.144
CA-2014-159954,,,,2.78,2.78,,,,,,,,,,
CA-2014-160017,,,,,,,,,10.368,10.368,,,,,
CA-2014-160423,,,,,,,,,,,,,,383.992,383.992
CA-2014-160458,,,25.92,,25.92,,,,,,,,,,
CA-2014-160724,,,,,,,,,34.5,34.5,,,,,
CA-2014-160899,,,,,,,,,,,,,477.51,,477.51
CA-2014-161046,,,,,,,839.25,,,839.25,,,,,
CA-2014-161053,726.91,,,,726.91,,,,,,,,,,
CA-2014-161088,,,,,,,,,,,,,,29.84,29.84
CA-2014-161130,,,,,,,,,361.376,361.376,,,,,
CA-2014-161200,,,161.14,,161.14,,,,,,,,,,
CA-2014-161592,,,,,,,,,8.1,8.1,,,,,
CA-2014-161851,,,,,,15.57,,,,15.57,,,,,
CA-2014-161970,,,,30.9,30.9,,,,,,,,,,
CA-2014-162033,,,,,,,,,,,,,,57.01,57.01
CA-2014-162173,,,,608.43,608.43,,,,,,,,,,
CA-2014-162635,10.816,,,,10.816,,,,,,,,,,
CA-2014-163321,,,79.992,,79.992,,,,,,,,,,
CA-2014-163335,79,,,,79,,,,,,,,,,
CA-2014-163510,,,400.39,,400.39,,,,,,,,,,
CA-2014-163629,,,,,,,,,286.09,286.09,,,,,
CA-2014-164756,,,,,,,,,997.83,997.83,,,,,
CA-2014-164917,,,,,,,,,47.96,47.96,,,,,
CA-2014-165029,,,,,,,,,12.84,12.84,,,,,
CA-2014-165204,,,728.968,,728.968,,,,,,,,,,
CA-2014-165687,,,,35.04,35.04,,,,,,,,,,
CA-2014-165715,,,,32.776,32.776,,,,,,,,,,
CA-2014-165904,,,,,,,,,,,,,,235.44,235.44
CA-2014-167871,,,,47.328,47.328,,,,,,,,,,
CA-2014-167941,,,831.368,,831.368,,,,,,,,,,
CA-2014-168102,,,,,,,,,113.568,113.568,,,,,
CA-2014-168389,,,,,,,,,873.811,873.811,,,,,
CA-2014-169005,,,,5.56,5.56,,,,,,,,,,
CA-2014-169012,,,,,,,,,41.91,41.91,,,,,
US-2011-102715,,,737.2,,737.2,,,,,,,,,,
US-2011-107405,,,,,,,,,16.272,16.272,,,,,
US-2011-109162,,,,,,,,,170.352,170.352,,,,,
US-2011-114377,,149.9,,,149.9,,,,,,,,,,
US-2011-115196,,,,1299.99,1299.99,,,,,,,,,,
US-2011-117135,,,425.67,,425.67,,,,,,,,,,
US-2011-117170,,,,52.608,52.608,,,,,,,,,,
US-2011-118997,,,,,,,,,1215.92,1215.92,,,,,
US-2011-125521,,,,,,,,,,,,,,1139.92,1139.92
US-2011-130358,23.12,,,,23.12,,,,,,,,,,
US-2011-138835,,,,,,,,,,,,,,9.64,9.64
US-2011-143581,,,,,,,,,344.91,344.91,,,,,
US-2011-147627,,,,1859.4,1859.4,,,,,,,,,,
US-2011-147774,,,,,,,,,67.194,67.194,,,,,
US-2011-150574,,,,252.612,252.612,,,,,,,,,,
US-2011-155502,,,,,,,,,,,,,,944.61,944.61
US-2011-155544,,,,310.528,310.528,,,,,,,,,,
US-2011-155817,,,,,,,,,,,,,,67.76,67.76
US-2011-156216,,,,,,,,,18.648,18.648,,,,,
US-2011-156559,,,,638.82,638.82,,,,,,,,,,
US-2011-157231,,,,,,,,,115.36,115.36,,,,,
US-2011-158057,,,,59.109,59.109,,,,,,,,,,
US-2011-164763,,,,,,,,,103.5,103.5,,,,,
US-2011-165659,,,,904.13,904.13,,,,,,,,,,
US-2011-167633,,,,15.552,15.552,,,,,,,,,,
US-2012-106495,11.672,,,,11.672,,,,,,,,,,
US-2012-108966,,,,979.9455,979.9455,,,,,,,,,,
US-2012-112508,,,,,,,,,6.992,6.992,,,,,
US-2012-113327,,,,,,,,,,,,,352.168,,352.168
US-2012-120572,,,,12.828,12.828,,,,,,,,,,
US-2012-123960,,,,207.82,207.82,,,,,,,,,,
US-2012-129553,,,,29.97,29.97,,,,,,,,,,
US-2012-130519,,,,,,,111.904,,,111.904,,,,,
US-2012-131842,,,,,,97.424,,,,97.424,,,,,
US-2012-134026,,,,1001.76,1001.76,,,,,,,,,,
US-2012-136476,,,,,,,,,157.794,157.794,,,,,
US-2012-136749,,,433.78,,433.78,,,,,,,,,,
US-2012-140851,,,,,,,,38.88,,38.88,,,,,
US-2012-145436,,,,551.264,551.264,,,,,,,,,,
US-2012-148817,,,,,,,,,125.64,125.64,,,,,
US-2012-149629,,,,,,,,231.92,,231.92,,,,,
US-2012-151435,,,85.98,,85.98,,,,,,,,,,
US-2012-158911,,,,,,,,,16.712,16.712,,,,,
US-2012-164357,,,,13.12,13.12,,,,,,,,,,
US-2012-168732,,,,129.64,129.64,,,,,,,,,,
US-2012-168935,,,,459.4335,459.4335,,,,,,,,,,
US-2013-101616,,,,,,87.28,,,,87.28,,,,,
US-2013-102232,,,,,,,,,197.05,197.05,,,,,
US-2013-106600,354.9,,,,354.9,,,,,,,,,,
US-2013-108504,,,,,,,,,,,,2075.51,,,2075.51
US-2013-108637,,,,,,,,,,,,,,334.2,334.2
US-2013-109260,,,,,,,,,,,,,,431.976,431.976
US-2013-113649,645.136,,,,645.136,,,,,,,,,,
US-2013-116400,39.92,,,,39.92,,,,,,,,,,
US-2013-119298,59.98,,,,59.98,,,,,,,,,,
US-2013-120929,,,189.882,,189.882,,,,,,,,,,
US-2013-121013,,,,1678,1678,,,,,,,,,,
US-2013-123750,,,,,,,,,,,,,,895.06,895.06
US-2013-131891,2.214,,,,2.214,,,,,,,,,,
US-2013-132857,,,,6.672,6.672,,,,,,,,,,
US-2013-134761,,36.192,,,36.192,,,,,,,,,,
US-2013-135209,,,,,,,,,,,,,62.752,,62.752
US-2013-135923,,,,530.272,530.272,,,,,,,,,,
US-2013-137295,,,,187.228,187.228,,,,,,,,,,
US-2013-138408,,,,,,,,1319.96,,1319.96,,,,,
US-2013-139262,,,,,,,,,,,,,,471.078,471.078
US-2013-140809,,,,,,56.45,,,,56.45,,,,,
US-2013-142251,,,32.064,,32.064,,,,,,,,,,
US-2013-144393,,,,,,,,,17.616,17.616,,,,,
US-2013-146570,,,,,,,,,,,,,,612.14,612.14
US-2013-147991,,,,16.72,16.72,,,,,,,,,,
US-2013-148803,,85.224,,,85.224,,,,,,,,,,
US-2013-148901,,,,,,,,,191.018,191.018,,,,,
US-2013-150357,,,,,,,,,24.703,24.703,,,,,
US-2013-150567,,,,,,,,,29.97,29.97,,,,,
US-2013-153815,,,,,,368.432,,,,368.432,,,,,
US-2013-155404,,,,,,,,,,,,,,13.28,13.28
US-2013-156692,,89.32,,,89.32,,,,,,,,,,
US-2013-158309,,,,,,,,,,,3.744,,,,3.744
US-2013-159415,,,,,,,,,79.12,79.12,,,,,
US-2013-161844,,,,,,,,82.92,,82.92,,,,,
US-2013-162677,187.616,,,,187.616,,,,,,,,,,
US-2013-164588,,,,12.84,12.84,,,,,,,,,,
US-2013-164630,,,,,,,,,959.968,959.968,,,,,
US-2013-167472,678.87,,,,678.87,,,,,,,,,,
US-2013-168620,,,,,,,,,,,,,823.61,,823.61
US-2013-169369,,,,299.07,299.07,,,,,,,,,,
US-2014-100930,,,,,,,,,,,,,,1735.8505,1735.8505
US-2014-102904,,,,239.92,239.92,,,,,,,,,,
US-2014-105935,,,,3002.65,3002.65,,,,,,,,,,
US-2014-108063,34.65,,,,34.65,,,,,,,,,,
US-2014-108315,,,,,,,,,,,,,,225.546,225.546
US-2014-109610,,,,,,,,701.96,,701.96,,,,,
US-2014-114356,,,,,,,,,,,,,,35.96,35.96
US-2014-115252,,,,,,,,,30.336,30.336,,,,,
US-2014-117450,,,,107.552,107.552,,,,,,,,,,
US-2014-120390,,,,,,,,,,,,,,1633.188,1633.188
US-2014-120607,,195.64,,,195.64,,,,,,,,,,
US-2014-126060,,,,,,,,,198.272,198.272,,,,,
US-2014-126179,,,,311.96,311.96,,,,,,,,,,
US-2014-128118,,,,,,,,,76.521,76.521,,,,,
US-2014-128951,,,,,,1065.84,,,,1065.84,,,,,
US-2014-129224,,,,,,,,,,,,,,4.608,4.608
US-2014-132031,,,,,,,,,,,,,,513.496,513.496
US-2014-132297,,,,,,,,,,,,,,598.31,598.31
US-2014-132675,,,,,,,,,,,,,,148.16,148.16
US-2014-133781,37.608,,,,37.608,,,,,,,,,,
US-2014-134642,,,,428.704,428.704,,,,,,,,,,
US-2014-135062,,,229.544,,229.544,,,,,,,,,,
US-2014-135503,,,,,,,,,14.76,14.76,,,,,
US-2014-135986,,,,536.36,536.36,,,,,,,,,,
US-2014-136189,,,,82.38,82.38,,,,,,,,,,
US-2014-146822,,,,49.12,49.12,,,,,,,,,,
US-2014-146878,,,,12.294,12.294,,,,,,,,,,
US-2014-148768,,,,,,,,,,,,,71.976,,71.976
US-2014-148831,348.56,,,,348.56,,,,,,,,,,
US-2014-149510,,,,98.446,98.446,,,,,,,,,,
US-2014-152492,,239.24,,,239.24,,,,,,,,,,
US-2014-152842,,,,242.352,242.352,,,,,,,,,,
US-2014-152898,,,,67.9,67.9,,,,,,,,,,
US-2014-153633,,,2.064,,2.064,,,,,,,,,,
US-2014-156083,,,,,,,,,,,,,,9.664,9.664
US-2014-158526,,,1814.68,,1814.68,,,,,,,,,,
US-2014-159205,,,,,,,,,,,,,732.93,,732.93
US-2014-162208,,,,,,2.896,,,,2.896,,,,,
US-2014-162558,,,,,,,,,,,2437.672,,,,2437.672
US-2014-162670,,,,,,,,1152.87,,1152.87,,,,,
US-2014-163195,,,29.16,,29.16,,,,,,,,,,
US-2014-165953,,,,71.096,71.096,,,,,,,,,,
US-2014-166233,,,,24,24,,,,,,,,,,
US-2014-166611,,,,,,,,,68.742,68.742,,,,,
US-2014-167920,,,1827.51,,1827.51,,,,,,,,,,
US-2014-168116,,,,,,,8167.42,,,8167.42,,,,,
US-2014-168690,,,,2.808,2.808,,,,,,,,,,
Grand Total,20802.173,8132.409,49724.2545,116922.1345,195580.971,20792.607,9907.308,35243.231,55942.7865,121885.9325,7737.786,2977.456,8791.127,54748.6325,74255.0015
